compound,pubchem_cid,aid,sid,assay_source,assay_name,target_or_system,endpoint,relation,value,units,outcome,pmid,doi,interpretation
β-caryophyllene,5281515,332912,103581571,ChEMBL1006951,"Antimicrobial activity Propionibacterium acnes ATCC 11827 after 2 days by broth dilution method","Cutibacterium acnes ATCC 11827",MIC,=,6.25,"ug.mL-1",Unspecified,8158169,10.1021/np50103a002,"Identity-resolved assay record linked to CID 5281515; supports an endpoint-specific antimicrobial observation, not broad antimicrobial efficacy"
terpinolene,11463,332912,103581573,ChEMBL1006951,"Antimicrobial activity Propionibacterium acnes ATCC 11827 after 2 days by broth dilution method","Cutibacterium acnes ATCC 11827",MIC,=,50,"ug.mL-1",Unspecified,8158169,10.1021/np50103a002,"Identity-resolved assay record linked to CID 11463; supports an endpoint-specific antimicrobial observation, not broad antimicrobial efficacy"
d-limonene,440917,1189,48413942,PubChem,"DSSTox (CPDBAS) Carcinogenic Potency Database Summary SingleCellCall Results","Salmonella mutagenicity summary",unknown,NA,NA,NA,Active,15800034,NA,"Activity flag without a quantitative endpoint is insufficient for quantitative or mechanistic interpretation"
β-myrcene,31253,338300,103582073,ChEMBL1009558,"Acaricidal activity against Psoroptes cuniculi at 6 uL after 24 hrs by inhalation assay","Psoroptes ovis",Activity,=,6.7,"%",Unspecified,7595592,10.1021/np50122a018,"Endpoint and organism are explicit, but percent activity at a stated volume is not comparable with MIC or receptor potency"
d-limonene,440917,338297,103581572,ChEMBL1009558,"Acaricidal activity against Psoroptes cuniculi at 1% dilution in physiological saline after 48 hrs by direct contact assay","Psoroptes ovis",Activity,=,0,"%",Unspecified,7595592,10.1021/np50122a018,"A zero result is endpoint-specific and cannot be generalized to all antimicrobial or pharmacological activity"
d-limonene,440917,338298,103581572,ChEMBL1009558,"Acaricidal activity against Psoroptes cuniculi at 0.25% dilution in physiological saline after 48 hrs by direct contact assay","Psoroptes ovis",Activity,=,0,"%",Unspecified,7595592,10.1021/np50122a018,"A zero result is endpoint-specific and cannot be generalized to all antimicrobial or pharmacological activity"
d-limonene,440917,338299,103581572,ChEMBL1009558,"Acaricidal activity against Psoroptes cuniculi at 0.125% dilution in physiological saline after 48 hrs by direct contact assay","Psoroptes ovis",Activity,=,0,"%",Unspecified,7595592,10.1021/np50122a018,"A zero result is endpoint-specific and cannot be generalized to all antimicrobial or pharmacological activity"
β-myrcene,31253,338301,103582073,ChEMBL1009558,"Acaricidal activity against Psoroptes cuniculi at 3 uL after 24 hrs by inhalation assay","Psoroptes ovis",Activity,=,5.2,"%",Unspecified,7595592,10.1021/np50122a018,"Dose-level result supports a narrow assay observation; no potency or human relevance is established"
β-myrcene,31253,338302,103582073,ChEMBL1009558,"Acaricidal activity against Psoroptes cuniculi at 1 uL after 24 hrs by inhalation assay","Psoroptes ovis",Activity,=,0,"%",Unspecified,7595592,10.1021/np50122a018,"Dose-level result supports a narrow assay observation; no potency or human relevance is established"
